	competition	time	marker	fluor_freq	allele_freq	strain
0	2A-1	0	gfp	0.6063724983811757	0.6063724983811757	WT
1	2A-1	0	rfp	0.3936275016188242	0.3936275016188242	M10
2	2A-1	4	gfp	0.7485256814292713	0.7485256814292713	WT
3	2A-1	4	rfp	0.2514743185707286	0.2514743185707286	M10
4	2A-1	8	gfp	0.8276778192070602	0.8276778192070602	WT
5	2A-1	8	rfp	0.1723221807929398	0.1723221807929398	M10
6	2A-1	12	gfp	0.8783266248874849	0.8783266248874849	WT
7	2A-1	12	rfp	0.121673375112515	0.121673375112515	M10
8	2A-1	16	gfp	0.923666828208856	0.923666828208856	WT
9	2A-1	16	rfp	0.0763331717911439	0.0763331717911439	M10
10	2A-1	20	gfp	0.95063803243892	0.95063803243892	WT
11	2A-1	20	rfp	0.0493619675610798	0.0493619675610798	M10
12	2A-1	24	gfp	0.9694493924708176	0.9694493924708176	WT
13	2A-1	24	rfp	0.0305506075291822	0.0305506075291822	M10
14	2A-1	28	gfp	0.982295601070717	0.982295601070717	WT
15	2A-1	28	rfp	0.017704398929283	0.017704398929283	M10
16	2A-1	32	gfp	0.9898243142396832	0.9898243142396832	WT
17	2A-1	32	rfp	0.0101756857603169	0.0101756857603169	M10
18	2A-1	36	gfp	0.992434700377178	0.992434700377178	WT
19	2A-1	36	rfp	0.0075652996228219	0.0075652996228219	M10
20	2A-2	0	gfp	0.3370288314408866	0.3370288314408866	WT
21	2A-2	0	rfp	0.6629711685591134	0.6629711685591134	M10
22	2A-2	4	gfp	0.4817097049135012	0.4817097049135012	WT
23	2A-2	4	rfp	0.5182902950864988	0.5182902950864988	M10
24	2A-2	8	gfp	0.5930317560619014	0.5930317560619014	WT
25	2A-2	8	rfp	0.4069682439380986	0.4069682439380986	M10
26	2A-2	12	gfp	0.7232496767680345	0.7232496767680345	WT
27	2A-2	12	rfp	0.2767503232319654	0.2767503232319654	M10
28	2A-2	16	gfp	0.8056036031799877	0.8056036031799877	WT
29	2A-2	16	rfp	0.1943963968200122	0.1943963968200122	M10
30	2A-2	20	gfp	0.8686063768671007	0.8686063768671007	WT
31	2A-2	20	rfp	0.1313936231328993	0.1313936231328993	M10
32	2A-2	24	gfp	0.9112428589153644	0.9112428589153644	WT
33	2A-2	24	rfp	0.0887571410846356	0.0887571410846356	M10
34	2A-2	28	gfp	0.9500963830974484	0.9500963830974484	WT
35	2A-2	28	rfp	0.0499036169025516	0.0499036169025516	M10
36	2A-2	32	gfp	0.9710610514267878	0.9710610514267878	WT
37	2A-2	32	rfp	0.0289389485732122	0.0289389485732122	M10
38	2A-2	36	gfp	0.9864163822525596	0.9864163822525596	WT
39	2A-2	36	rfp	0.0135836177474402	0.0135836177474402	M10
40	2A-3	0	gfp	0.1860992484061729	0.1860992484061729	WT
41	2A-3	0	rfp	0.8139007515938271	0.8139007515938271	M10
42	2A-3	4	gfp	0.2964026319690144	0.2964026319690144	WT
43	2A-3	4	rfp	0.7035973680309855	0.7035973680309855	M10
44	2A-3	8	gfp	0.385948778141468	0.385948778141468	WT
45	2A-3	8	rfp	0.6140512218585319	0.6140512218585319	M10
46	2A-3	12	gfp	0.5098568323214152	0.5098568323214152	WT
47	2A-3	12	rfp	0.4901431676785848	0.4901431676785848	M10
48	2A-3	16	gfp	0.6395870736086177	0.6395870736086177	WT
49	2A-3	16	rfp	0.3604129263913824	0.3604129263913824	M10
50	2A-3	20	gfp	0.7490720330846589	0.7490720330846589	WT
51	2A-3	20	rfp	0.2509279669153411	0.2509279669153411	M10
52	2A-3	24	gfp	0.8469398420274636	0.8469398420274636	WT
53	2A-3	24	rfp	0.1530601579725365	0.1530601579725365	M10
54	2A-3	28	gfp	0.8987037458172249	0.8987037458172249	WT
55	2A-3	28	rfp	0.101296254182775	0.101296254182775	M10
56	2A-3	32	gfp	0.940960077192136	0.940960077192136	WT
57	2A-3	32	rfp	0.0590399228078639	0.0590399228078639	M10
58	2A-3	36	gfp	0.9701786166462144	0.9701786166462144	WT
59	2A-3	36	rfp	0.0298213833537856	0.0298213833537856	M10
60	2B-1	0	gfp	0.6293277760131392	0.6293277760131392	WT
61	2B-1	0	rfp	0.3706722239868608	0.3706722239868608	M3
62	2B-1	4	gfp	0.8478065849133959	0.8478065849133959	WT
63	2B-1	4	rfp	0.1521934150866041	0.1521934150866041	M3
64	2B-1	8	gfp	0.9441103318926852	0.9441103318926852	WT
65	2B-1	8	rfp	0.0558896681073146	0.0558896681073146	M3
66	2B-1	12	gfp	0.986333279783352	0.986333279783352	WT
67	2B-1	12	rfp	0.0136667202166479	0.0136667202166479	M3
68	2B-1	16	gfp	0.9931845621730078	0.9931845621730078	WT
69	2B-1	16	rfp	0.0068154378269922	0.0068154378269922	M3
70	2B-1	20	gfp	0.9977059969737152	0.9977059969737152	WT
71	2B-1	20	rfp	0.0022940030262847	0.0022940030262847	M3
72	2B-1	24	gfp	0.9987311695868624	0.9987311695868624	WT
73	2B-1	24	rfp	0.0012688304131376	0.0012688304131376	M3
74	2B-1	28	gfp	0.9973900229585592	0.9973900229585592	WT
75	2B-1	28	rfp	0.0026099770414408	0.0026099770414408	M3
76	2B-1	32	gfp	0.99902750313746	0.99902750313746	WT
77	2B-1	32	rfp	0.0009724968625398	0.0009724968625398	M3
78	2B-1	36	gfp	0.9992047400359658	0.9992047400359658	WT
79	2B-1	36	rfp	0.0007952599640341	0.0007952599640341	M3
80	2B-2	0	gfp	0.346775385752564	0.346775385752564	WT
81	2B-2	0	rfp	0.6532246142474359	0.6532246142474359	M3
82	2B-2	4	gfp	0.6316268845358509	0.6316268845358509	WT
83	2B-2	4	rfp	0.3683731154641489	0.3683731154641489	M3
84	2B-2	8	gfp	0.8584080321038147	0.8584080321038147	WT
85	2B-2	8	rfp	0.1415919678961853	0.1415919678961853	M3
86	2B-2	12	gfp	0.9655607231756844	0.9655607231756844	WT
87	2B-2	12	rfp	0.0344392768243154	0.0344392768243154	M3
88	2B-2	16	gfp	0.9863829151639434	0.9863829151639434	WT
89	2B-2	16	rfp	0.0136170848360566	0.0136170848360566	M3
90	2B-2	20	gfp	0.9970018761265956	0.9970018761265956	WT
91	2B-2	20	rfp	0.0029981238734043	0.0029981238734043	M3
92	2B-2	24	gfp	0.9980656402768316	0.9980656402768316	WT
93	2B-2	24	rfp	0.0019343597231682	0.0019343597231682	M3
94	2B-2	28	gfp	0.9992894217963982	0.9992894217963982	WT
95	2B-2	28	rfp	0.0007105782036018	0.0007105782036018	M3
96	2B-2	32	gfp	0.9974904089192548	0.9974904089192548	WT
97	2B-2	32	rfp	0.0025095910807451	0.0025095910807451	M3
98	2B-2	36	gfp	0.9967925180353364	0.9967925180353364	WT
99	2B-2	36	rfp	0.0032074819646637	0.0032074819646637	M3
100	2B-3	0	gfp	0.1900815880997413	0.1900815880997413	WT
101	2B-3	0	rfp	0.8099184119002586	0.8099184119002586	M3
102	2B-3	4	gfp	0.4562928623831751	0.4562928623831751	WT
103	2B-3	4	rfp	0.5437071376168249	0.5437071376168249	M3
104	2B-3	8	gfp	0.7336044124159589	0.7336044124159589	WT
105	2B-3	8	rfp	0.2663955875840412	0.2663955875840412	M3
106	2B-3	12	gfp	0.9142380843108404	0.9142380843108404	WT
107	2B-3	12	rfp	0.0857619156891594	0.0857619156891594	M3
108	2B-3	16	gfp	0.9756218955329078	0.9756218955329078	WT
109	2B-3	16	rfp	0.0243781044670922	0.0243781044670922	M3
110	2B-3	20	gfp	0.9919376645742924	0.9919376645742924	WT
111	2B-3	20	rfp	0.0080623354257075	0.0080623354257075	M3
112	2B-3	24	gfp	0.9957980040519246	0.9957980040519246	WT
113	2B-3	24	rfp	0.0042019959480753	0.0042019959480753	M3
114	2B-3	28	gfp	0.999002398644436	0.999002398644436	WT
115	2B-3	28	rfp	0.0009976013555641	0.0009976013555641	M3
116	2B-3	32	gfp	0.9972756484888	0.9972756484888	WT
117	2B-3	32	rfp	0.0027243515112001	0.0027243515112001	M3
118	2B-3	36	gfp	0.9982993197278912	0.9982993197278912	WT
119	2B-3	36	rfp	0.0017006802721088	0.0017006802721088	M3
120	2C-1	0	gfp	0.7495529697035376	0.7495529697035376	WT
121	2C-1	0	rfp	0.2504470302964623	0.2504470302964623	M9
122	2C-1	4	gfp	0.938228734006588	0.938228734006588	WT
123	2C-1	4	rfp	0.0617712659934119	0.0617712659934119	M9
124	2C-1	8	gfp	0.9897088332514592	0.9897088332514592	WT
125	2C-1	8	rfp	0.0102911667485408	0.0102911667485408	M9
126	2C-1	12	gfp	0.9985644502043663	0.9985644502043663	WT
127	2C-1	12	rfp	0.0014355497956335	0.0014355497956335	M9
128	2C-1	16	gfp	0.9984298515599268	0.9984298515599268	WT
129	2C-1	16	rfp	0.0015701484400731	0.0015701484400731	M9
130	2C-1	20	gfp	0.99949749243751	0.99949749243751	WT
131	2C-1	20	rfp	0.00050250756249	0.00050250756249	M9
132	2C-1	24	gfp	0.9988450082817734	0.9988450082817734	WT
133	2C-1	24	rfp	0.0011549917182265	0.0011549917182265	M9
134	2C-1	28	gfp	0.9997709712838406	0.9997709712838406	WT
135	2C-1	28	rfp	0.0002290287161593	0.0002290287161593	M9
136	2C-1	32	gfp	0.9983507990094452	0.9983507990094452	WT
137	2C-1	32	rfp	0.0016492009905545	0.0016492009905545	M9
138	2C-1	36	gfp	0.9975471032822824	0.9975471032822824	WT
139	2C-1	36	rfp	0.0024528967177175	0.0024528967177175	M9
140	2C-2	0	gfp	0.5218417001911079	0.5218417001911079	WT
141	2C-2	0	rfp	0.4781582998088921	0.4781582998088921	M9
142	2C-2	4	gfp	0.8654370568694532	0.8654370568694532	WT
143	2C-2	4	rfp	0.1345629431305469	0.1345629431305469	M9
144	2C-2	8	gfp	0.9771348384167734	0.9771348384167734	WT
145	2C-2	8	rfp	0.0228651615832267	0.0228651615832267	M9
146	2C-2	12	gfp	0.9967333831630816	0.9967333831630816	WT
147	2C-2	12	rfp	0.0032666168369183	0.0032666168369183	M9
148	2C-2	16	gfp	0.9989500816930816	0.9989500816930816	WT
149	2C-2	16	rfp	0.0010499183069182	0.0010499183069182	M9
150	2C-2	20	gfp	0.9991104827040346	0.9991104827040346	WT
151	2C-2	20	rfp	0.0008895172959654	0.0008895172959654	M9
152	2C-2	24	gfp	0.9986100242620444	0.9986100242620444	WT
153	2C-2	24	rfp	0.0013899757379556	0.0013899757379556	M9
154	2C-2	28	gfp	0.9998177250501256	0.9998177250501256	WT
155	2C-2	28	rfp	0.0001822749498743	0.0001822749498743	M9
156	2C-2	32	gfp	0.995487966146522	0.995487966146522	WT
157	2C-2	32	rfp	0.0045120338534779	0.0045120338534779	M9
158	2C-2	36	gfp	0.9981070111026	0.9981070111026	WT
159	2C-2	36	rfp	0.0018929888974	0.0018929888974	M9
160	2C-3	0	gfp	0.3063444901983373	0.3063444901983373	WT
161	2C-3	0	rfp	0.6936555098016628	0.6936555098016628	M9
162	2C-3	4	gfp	0.7019347140543766	0.7019347140543766	WT
163	2C-3	4	rfp	0.2980652859456235	0.2980652859456235	M9
164	2C-3	8	gfp	0.9525811519483106	0.9525811519483106	WT
165	2C-3	8	rfp	0.0474188480516894	0.0474188480516894	M9
166	2C-3	12	gfp	0.9927504245029208	0.9927504245029208	WT
167	2C-3	12	rfp	0.0072495754970792	0.0072495754970792	M9
168	2C-3	16	gfp	0.9969725141274562	0.9969725141274562	WT
169	2C-3	16	rfp	0.0030274858725438	0.0030274858725438	M9
170	2C-3	20	gfp	0.999101920508451	0.999101920508451	WT
171	2C-3	20	rfp	0.0008980794915488	0.0008980794915488	M9
172	2C-3	24	gfp	0.9991931116048236	0.9991931116048236	WT
173	2C-3	24	rfp	0.0008068883951763	0.0008068883951763	M9
174	2C-3	28	gfp	0.99974383641963	0.99974383641963	WT
175	2C-3	28	rfp	0.0002561635803699	0.0002561635803699	M9
176	2C-3	32	gfp	0.9995026472003852	0.9995026472003852	WT
177	2C-3	32	rfp	0.0004973527996149	0.0004973527996149	M9
178	2C-3	36	gfp	0.995250812679001	0.995250812679001	WT
179	2C-3	36	rfp	0.0047491873209991	0.0047491873209991	M9
